{
    "hello": "שלום",
    "welcome": "ברוך הבא, משתמש",
    "settings": "הגדרות",
    "map-color": "צבעי המפה",
    "set-language": "בחר שפה",
    "new-user": "היי משתמש חדש",
    "info-lang": "אנא שקול להתחבר לחשבונך בכדי לשמר הגדרה זו לעתיד",
    "lang-saved": "השפה נשמרה לפיירבייס",
    "full-name": "שם מלא",
    "email-address": "כתובת מייל",
    "strong-password": "סיסמה חזקה"

}
 